INSERT INTO QUIZ(id_quiz, title, description) VALUES
(1, 'Quiz sur les animaux', 'Quiz sur les animaux'),
(2, 'Quiz sur les capitales', 'Quiz sur les capitales'),
(3, 'Quiz sur les planètes', 'Quiz sur les planètes');


INSERT INTO QUESTION(id_question, description, id_quiz) VALUES
(1, 'Quel est le plus grand animal du monde ?', 1),
(2, 'Quel est le plus petit animal du monde ?', 1),
(3, 'Quel est le plus grand animal terrestre ?', 1),
(4, 'Quel est le plus grand animal marin ?', 1),
(5, 'Quel est le plus petit animal marin ?', 1),
(6, 'Quel est le plus petit animal terrestre ?', 1),
(7, 'Quelle est la capitale de la France ?', 2),
(8, 'Quelle est la capitale de l''Espagne ?', 2),
(9, 'Quelle est la capitale de l''Italie ?', 2),
(10, 'Quelle est la capitale de l''Allemagne ?', 2),
(11, 'Quelle est la capitale de la Belgique ?', 2),
(12, 'Quelle est la capitale de la Suisse ?', 2),
(13, 'Quelle est la capitale de la Russie ?', 2),
(14, 'Quelle est la capitale de la Chine ?', 2),
(15, 'Quelle est la capitale de l''Inde ?', 2),
(16, 'Quelle est la capitale du Japon ?', 2),
(17, 'Quelle est la capitale du Canada ?', 2),
(18, 'Quelle est la capitale du Brésil ?', 2);

INSERT INTO REPONSE(id_reponse, description, is_correct, id_question) VALUES
(1, 'La baleine bleue', 1, 1),
(2, 'Le requin baleine', 0, 1),
(3, 'Le calmar géant', 0, 1),
(4, 'Le colibri abeille', 1, 2),
(5, 'Le colibri à gorge rubis', 0, 2),
(6, 'Le colibri d''Elena', 0, 2),
(7, 'L''éléphant africain', 1, 3),
(8, 'L''éléphant d''Asie', 0, 3),
(9, 'Le rhinocéros blanc', 0, 3),
(10, 'La baleine bleue', 1, 4),
(11, 'Le requin baleine', 0, 4),
(12, 'Le calmar géant', 0, 4),
(13, 'Le colibri abeille', 1, 5),
(14, 'Le colibri à gorge rubis', 0, 5),
(15, 'Le colibri d''Elena', 0, 5),
(16, 'L''éléphant africain', 1, 6),
(17, 'L''éléphant d''Asie', 0, 6),
(18, 'Le rhinocéros blanc', 0, 6),
(19, 'Paris', 1, 7),
(20, 'Madrid', 0, 7),
(21, 'Rome', 0, 7),
(22, 'Berlin', 0, 7),
(23, 'Bruxelles', 0, 7),
(24, 'Berne', 0, 7),
(25, 'Moscou', 0, 7),
(26, 'Pékin', 0, 7),
(27, 'New Delhi', 0, 7),
(28, 'Tokyo', 0, 7),
(29, 'Ottawa', 0, 7),
(30, 'Brasilia', 0, 7),
(31, 'Paris', 0, 8),
(32, 'Madrid', 1, 8);
